,INDICATOR,SUBJECT,MEASURE,FREQUENCY,TIME,Value,Country_name,Continent
0,PISAMATH,BOY,MEANSCORE,A,2003,527.0,Australia,OC
1,PISAMATH,BOY,MEANSCORE,A,2006,527.0,Australia,OC
2,PISAMATH,BOY,MEANSCORE,A,2009,519.0,Australia,OC
3,PISAMATH,BOY,MEANSCORE,A,2012,510.115,Australia,OC
4,PISAMATH,BOY,MEANSCORE,A,2015,497.0,Australia,OC
5,PISAMATH,BOY,MEANSCORE,A,2018,494.0,Australia,OC
6,PISAMATH,GIRL,MEANSCORE,A,2003,522.0,Australia,OC
7,PISAMATH,GIRL,MEANSCORE,A,2006,513.0,Australia,OC
8,PISAMATH,GIRL,MEANSCORE,A,2009,509.0,Australia,OC
9,PISAMATH,GIRL,MEANSCORE,A,2012,497.821,Australia,OC
10,PISAMATH,GIRL,MEANSCORE,A,2015,491.0,Australia,OC
11,PISAMATH,GIRL,MEANSCORE,A,2018,488.0,Australia,OC
12,PISAMATH,BOY,MEANSCORE,A,2003,509.0,Austria,EU
13,PISAMATH,BOY,MEANSCORE,A,2006,517.0,Austria,EU
14,PISAMATH,BOY,MEANSCORE,A,2012,516.682,Austria,EU
15,PISAMATH,BOY,MEANSCORE,A,2015,510.0,Austria,EU
16,PISAMATH,BOY,MEANSCORE,A,2018,505.0,Austria,EU
17,PISAMATH,GIRL,MEANSCORE,A,2003,502.0,Austria,EU
18,PISAMATH,GIRL,MEANSCORE,A,2006,494.0,Austria,EU
19,PISAMATH,GIRL,MEANSCORE,A,2012,494.462,Austria,EU
20,PISAMATH,GIRL,MEANSCORE,A,2015,483.0,Austria,EU
21,PISAMATH,GIRL,MEANSCORE,A,2018,492.0,Austria,EU
22,PISAMATH,BOY,MEANSCORE,A,2003,533.0,Belgium,EU
23,PISAMATH,BOY,MEANSCORE,A,2006,524.0,Belgium,EU
24,PISAMATH,BOY,MEANSCORE,A,2009,526.0,Belgium,EU
25,PISAMATH,BOY,MEANSCORE,A,2012,520.081,Belgium,EU
26,PISAMATH,BOY,MEANSCORE,A,2015,514.0,Belgium,EU
27,PISAMATH,BOY,MEANSCORE,A,2018,514.0,Belgium,EU
28,PISAMATH,GIRL,MEANSCORE,A,2003,525.0,Belgium,EU
29,PISAMATH,GIRL,MEANSCORE,A,2006,517.0,Belgium,EU
30,PISAMATH,GIRL,MEANSCORE,A,2009,504.0,Belgium,EU
31,PISAMATH,GIRL,MEANSCORE,A,2012,508.935,Belgium,EU
32,PISAMATH,GIRL,MEANSCORE,A,2015,500.0,Belgium,EU
33,PISAMATH,GIRL,MEANSCORE,A,2018,502.0,Belgium,EU
34,PISAMATH,BOY,MEANSCORE,A,2003,541.0,Canada,'NA'
35,PISAMATH,BOY,MEANSCORE,A,2006,534.0,Canada,'NA'
36,PISAMATH,BOY,MEANSCORE,A,2009,533.0,Canada,'NA'
37,PISAMATH,BOY,MEANSCORE,A,2012,523.154,Canada,'NA'
38,PISAMATH,BOY,MEANSCORE,A,2015,520.0,Canada,'NA'
39,PISAMATH,BOY,MEANSCORE,A,2018,514.0,Canada,'NA'
40,PISAMATH,GIRL,MEANSCORE,A,2003,530.0,Canada,'NA'
41,PISAMATH,GIRL,MEANSCORE,A,2006,520.0,Canada,'NA'
42,PISAMATH,GIRL,MEANSCORE,A,2009,521.0,Canada,'NA'
43,PISAMATH,GIRL,MEANSCORE,A,2012,513.022,Canada,'NA'
44,PISAMATH,GIRL,MEANSCORE,A,2015,511.0,Canada,'NA'
45,PISAMATH,GIRL,MEANSCORE,A,2018,510.0,Canada,'NA'
46,PISAMATH,BOY,MEANSCORE,A,2003,524.0,Czechia,EU
47,PISAMATH,BOY,MEANSCORE,A,2006,514.0,Czechia,EU
48,PISAMATH,BOY,MEANSCORE,A,2009,495.0,Czechia,EU
49,PISAMATH,BOY,MEANSCORE,A,2012,504.71,Czechia,EU
50,PISAMATH,BOY,MEANSCORE,A,2015,496.0,Czechia,EU
51,PISAMATH,BOY,MEANSCORE,A,2018,501.0,Czechia,EU
52,PISAMATH,GIRL,MEANSCORE,A,2003,509.0,Czechia,EU
53,PISAMATH,GIRL,MEANSCORE,A,2006,504.0,Czechia,EU
54,PISAMATH,GIRL,MEANSCORE,A,2009,490.0,Czechia,EU
55,PISAMATH,GIRL,MEANSCORE,A,2012,492.903,Czechia,EU
56,PISAMATH,GIRL,MEANSCORE,A,2015,489.0,Czechia,EU
57,PISAMATH,GIRL,MEANSCORE,A,2018,498.0,Czechia,EU
58,PISAMATH,BOY,MEANSCORE,A,2003,523.0,Denmark,EU
59,PISAMATH,BOY,MEANSCORE,A,2006,518.0,Denmark,EU
60,PISAMATH,BOY,MEANSCORE,A,2009,511.0,Denmark,EU
61,PISAMATH,BOY,MEANSCORE,A,2012,506.953,Denmark,EU
62,PISAMATH,BOY,MEANSCORE,A,2015,516.0,Denmark,EU
63,PISAMATH,BOY,MEANSCORE,A,2018,511.0,Denmark,EU
64,PISAMATH,GIRL,MEANSCORE,A,2003,506.0,Denmark,EU
65,PISAMATH,GIRL,MEANSCORE,A,2006,508.0,Denmark,EU
66,PISAMATH,GIRL,MEANSCORE,A,2009,495.0,Denmark,EU
67,PISAMATH,GIRL,MEANSCORE,A,2012,493.029,Denmark,EU
68,PISAMATH,GIRL,MEANSCORE,A,2015,506.0,Denmark,EU
69,PISAMATH,GIRL,MEANSCORE,A,2018,507.0,Denmark,EU
70,PISAMATH,BOY,MEANSCORE,A,2003,548.0,Finland,EU
71,PISAMATH,BOY,MEANSCORE,A,2006,554.0,Finland,EU
72,PISAMATH,BOY,MEANSCORE,A,2009,542.0,Finland,EU
73,PISAMATH,BOY,MEANSCORE,A,2012,517.391,Finland,EU
74,PISAMATH,BOY,MEANSCORE,A,2015,507.0,Finland,EU
75,PISAMATH,BOY,MEANSCORE,A,2018,504.0,Finland,EU
76,PISAMATH,GIRL,MEANSCORE,A,2003,541.0,Finland,EU
77,PISAMATH,GIRL,MEANSCORE,A,2006,543.0,Finland,EU
78,PISAMATH,GIRL,MEANSCORE,A,2009,539.0,Finland,EU
79,PISAMATH,GIRL,MEANSCORE,A,2012,520.185,Finland,EU
80,PISAMATH,GIRL,MEANSCORE,A,2015,515.0,Finland,EU
81,PISAMATH,GIRL,MEANSCORE,A,2018,510.0,Finland,EU
82,PISAMATH,BOY,MEANSCORE,A,2003,515.0,France,EU
83,PISAMATH,BOY,MEANSCORE,A,2006,499.0,France,EU
84,PISAMATH,BOY,MEANSCORE,A,2009,505.0,France,EU
85,PISAMATH,BOY,MEANSCORE,A,2012,499.355,France,EU
86,PISAMATH,BOY,MEANSCORE,A,2015,496.0,France,EU
87,PISAMATH,BOY,MEANSCORE,A,2018,499.0,France,EU
88,PISAMATH,GIRL,MEANSCORE,A,2003,507.0,France,EU
89,PISAMATH,GIRL,MEANSCORE,A,2006,492.0,France,EU
90,PISAMATH,GIRL,MEANSCORE,A,2009,489.0,France,EU
91,PISAMATH,GIRL,MEANSCORE,A,2012,490.853,France,EU
92,PISAMATH,GIRL,MEANSCORE,A,2015,490.0,France,EU
93,PISAMATH,GIRL,MEANSCORE,A,2018,492.0,France,EU
94,PISAMATH,BOY,MEANSCORE,A,2003,508.0,Germany,EU
95,PISAMATH,BOY,MEANSCORE,A,2006,513.0,Germany,EU
96,PISAMATH,BOY,MEANSCORE,A,2009,520.0,Germany,EU
97,PISAMATH,BOY,MEANSCORE,A,2012,520.19,Germany,EU
98,PISAMATH,BOY,MEANSCORE,A,2015,514.0,Germany,EU
99,PISAMATH,BOY,MEANSCORE,A,2018,503.0,Germany,EU
100,PISAMATH,GIRL,MEANSCORE,A,2003,499.0,Germany,EU
101,PISAMATH,GIRL,MEANSCORE,A,2006,494.0,Germany,EU
102,PISAMATH,GIRL,MEANSCORE,A,2009,505.0,Germany,EU
103,PISAMATH,GIRL,MEANSCORE,A,2012,506.625,Germany,EU
104,PISAMATH,GIRL,MEANSCORE,A,2015,498.0,Germany,EU
105,PISAMATH,GIRL,MEANSCORE,A,2018,496.0,Germany,EU
106,PISAMATH,BOY,MEANSCORE,A,2003,455.0,Greece,EU
107,PISAMATH,BOY,MEANSCORE,A,2006,462.0,Greece,EU
108,PISAMATH,BOY,MEANSCORE,A,2009,473.0,Greece,EU
109,PISAMATH,BOY,MEANSCORE,A,2012,457.039,Greece,EU
110,PISAMATH,BOY,MEANSCORE,A,2015,454.0,Greece,EU
111,PISAMATH,BOY,MEANSCORE,A,2018,452.0,Greece,EU
112,PISAMATH,GIRL,MEANSCORE,A,2003,436.0,Greece,EU
113,PISAMATH,GIRL,MEANSCORE,A,2006,457.0,Greece,EU
114,PISAMATH,GIRL,MEANSCORE,A,2009,459.0,Greece,EU
115,PISAMATH,GIRL,MEANSCORE,A,2012,448.984,Greece,EU
116,PISAMATH,GIRL,MEANSCORE,A,2015,454.0,Greece,EU
117,PISAMATH,GIRL,MEANSCORE,A,2018,451.0,Greece,EU
118,PISAMATH,BOY,MEANSCORE,A,2003,494.0,Hungary,EU
119,PISAMATH,BOY,MEANSCORE,A,2006,496.0,Hungary,EU
120,PISAMATH,BOY,MEANSCORE,A,2009,496.0,Hungary,EU
121,PISAMATH,BOY,MEANSCORE,A,2012,481.749,Hungary,EU
122,PISAMATH,BOY,MEANSCORE,A,2015,481.0,Hungary,EU
123,PISAMATH,BOY,MEANSCORE,A,2018,486.0,Hungary,EU
124,PISAMATH,GIRL,MEANSCORE,A,2003,486.0,Hungary,EU
125,PISAMATH,GIRL,MEANSCORE,A,2006,486.0,Hungary,EU
126,PISAMATH,GIRL,MEANSCORE,A,2009,484.0,Hungary,EU
127,PISAMATH,GIRL,MEANSCORE,A,2012,472.664,Hungary,EU
128,PISAMATH,GIRL,MEANSCORE,A,2015,473.0,Hungary,EU
129,PISAMATH,GIRL,MEANSCORE,A,2018,477.0,Hungary,EU
130,PISAMATH,BOY,MEANSCORE,A,2003,508.0,Iceland,EU
131,PISAMATH,BOY,MEANSCORE,A,2006,503.0,Iceland,EU
132,PISAMATH,BOY,MEANSCORE,A,2009,508.0,Iceland,EU
133,PISAMATH,BOY,MEANSCORE,A,2012,489.72,Iceland,EU
134,PISAMATH,BOY,MEANSCORE,A,2015,487.0,Iceland,EU
135,PISAMATH,BOY,MEANSCORE,A,2018,490.0,Iceland,EU
136,PISAMATH,GIRL,MEANSCORE,A,2003,523.0,Iceland,EU
137,PISAMATH,GIRL,MEANSCORE,A,2006,508.0,Iceland,EU
138,PISAMATH,GIRL,MEANSCORE,A,2009,505.0,Iceland,EU
139,PISAMATH,GIRL,MEANSCORE,A,2012,495.947,Iceland,EU
140,PISAMATH,GIRL,MEANSCORE,A,2015,489.0,Iceland,EU
141,PISAMATH,GIRL,MEANSCORE,A,2018,500.0,Iceland,EU
142,PISAMATH,BOY,MEANSCORE,A,2003,510.0,Ireland,EU
143,PISAMATH,BOY,MEANSCORE,A,2006,507.0,Ireland,EU
144,PISAMATH,BOY,MEANSCORE,A,2009,491.0,Ireland,EU
145,PISAMATH,BOY,MEANSCORE,A,2012,509.035,Ireland,EU
146,PISAMATH,BOY,MEANSCORE,A,2015,512.0,Ireland,EU
147,PISAMATH,BOY,MEANSCORE,A,2018,503.0,Ireland,EU
148,PISAMATH,GIRL,MEANSCORE,A,2003,495.0,Ireland,EU
149,PISAMATH,GIRL,MEANSCORE,A,2006,496.0,Ireland,EU
150,PISAMATH,GIRL,MEANSCORE,A,2009,483.0,Ireland,EU
151,PISAMATH,GIRL,MEANSCORE,A,2012,493.705,Ireland,EU
152,PISAMATH,GIRL,MEANSCORE,A,2015,495.0,Ireland,EU
153,PISAMATH,GIRL,MEANSCORE,A,2018,497.0,Ireland,EU
154,PISAMATH,BOY,MEANSCORE,A,2003,475.0,Italy,EU
155,PISAMATH,BOY,MEANSCORE,A,2006,470.0,Italy,EU
156,PISAMATH,BOY,MEANSCORE,A,2009,490.0,Italy,EU
157,PISAMATH,BOY,MEANSCORE,A,2012,494.199,Italy,EU
158,PISAMATH,BOY,MEANSCORE,A,2015,500.0,Italy,EU
159,PISAMATH,BOY,MEANSCORE,A,2018,494.0,Italy,EU
160,PISAMATH,GIRL,MEANSCORE,A,2003,457.0,Italy,EU
161,PISAMATH,GIRL,MEANSCORE,A,2006,453.0,Italy,EU
162,PISAMATH,GIRL,MEANSCORE,A,2009,475.0,Italy,EU
163,PISAMATH,GIRL,MEANSCORE,A,2012,475.794,Italy,EU
164,PISAMATH,GIRL,MEANSCORE,A,2015,480.0,Italy,EU
165,PISAMATH,GIRL,MEANSCORE,A,2018,479.0,Italy,EU
166,PISAMATH,BOY,MEANSCORE,A,2003,539.0,Japan,AS
167,PISAMATH,BOY,MEANSCORE,A,2006,533.0,Japan,AS
168,PISAMATH,BOY,MEANSCORE,A,2009,534.0,Japan,AS
169,PISAMATH,BOY,MEANSCORE,A,2012,544.884,Japan,AS
170,PISAMATH,BOY,MEANSCORE,A,2015,539.0,Japan,AS
171,PISAMATH,BOY,MEANSCORE,A,2018,532.0,Japan,AS
172,PISAMATH,GIRL,MEANSCORE,A,2003,530.0,Japan,AS
173,PISAMATH,GIRL,MEANSCORE,A,2006,513.0,Japan,AS
174,PISAMATH,GIRL,MEANSCORE,A,2009,524.0,Japan,AS
175,PISAMATH,GIRL,MEANSCORE,A,2012,527.011,Japan,AS
176,PISAMATH,GIRL,MEANSCORE,A,2015,525.0,Japan,AS
177,PISAMATH,GIRL,MEANSCORE,A,2018,522.0,Japan,AS
178,PISAMATH,BOY,MEANSCORE,A,2003,552.0,"Korea, Republic of",AS
179,PISAMATH,BOY,MEANSCORE,A,2006,552.0,"Korea, Republic of",AS
180,PISAMATH,BOY,MEANSCORE,A,2009,548.0,"Korea, Republic of",AS
181,PISAMATH,BOY,MEANSCORE,A,2012,562.114,"Korea, Republic of",AS
182,PISAMATH,BOY,MEANSCORE,A,2015,521.0,"Korea, Republic of",AS
183,PISAMATH,BOY,MEANSCORE,A,2018,528.0,"Korea, Republic of",AS
184,PISAMATH,GIRL,MEANSCORE,A,2003,528.0,"Korea, Republic of",AS
185,PISAMATH,GIRL,MEANSCORE,A,2006,543.0,"Korea, Republic of",AS
186,PISAMATH,GIRL,MEANSCORE,A,2009,544.0,"Korea, Republic of",AS
187,PISAMATH,GIRL,MEANSCORE,A,2012,544.193,"Korea, Republic of",AS
188,PISAMATH,GIRL,MEANSCORE,A,2015,528.0,"Korea, Republic of",AS
189,PISAMATH,GIRL,MEANSCORE,A,2018,524.0,"Korea, Republic of",AS
190,PISAMATH,BOY,MEANSCORE,A,2003,502.0,Luxembourg,EU
191,PISAMATH,BOY,MEANSCORE,A,2006,498.0,Luxembourg,EU
192,PISAMATH,BOY,MEANSCORE,A,2009,499.0,Luxembourg,EU
193,PISAMATH,BOY,MEANSCORE,A,2012,502.193,Luxembourg,EU
194,PISAMATH,BOY,MEANSCORE,A,2015,491.0,Luxembourg,EU
195,PISAMATH,BOY,MEANSCORE,A,2018,487.0,Luxembourg,EU
196,PISAMATH,GIRL,MEANSCORE,A,2003,485.0,Luxembourg,EU
197,PISAMATH,GIRL,MEANSCORE,A,2006,482.0,Luxembourg,EU
198,PISAMATH,GIRL,MEANSCORE,A,2009,479.0,Luxembourg,EU
199,PISAMATH,GIRL,MEANSCORE,A,2012,477.117,Luxembourg,EU
200,PISAMATH,GIRL,MEANSCORE,A,2015,480.0,Luxembourg,EU
201,PISAMATH,GIRL,MEANSCORE,A,2018,480.0,Luxembourg,EU
202,PISAMATH,BOY,MEANSCORE,A,2003,391.0,Mexico,'NA'
203,PISAMATH,BOY,MEANSCORE,A,2006,410.0,Mexico,'NA'
204,PISAMATH,BOY,MEANSCORE,A,2009,425.0,Mexico,'NA'
205,PISAMATH,BOY,MEANSCORE,A,2012,420.411,Mexico,'NA'
206,PISAMATH,BOY,MEANSCORE,A,2015,412.0,Mexico,'NA'
207,PISAMATH,BOY,MEANSCORE,A,2018,415.0,Mexico,'NA'
208,PISAMATH,GIRL,MEANSCORE,A,2003,380.0,Mexico,'NA'
209,PISAMATH,GIRL,MEANSCORE,A,2006,401.0,Mexico,'NA'
210,PISAMATH,GIRL,MEANSCORE,A,2009,412.0,Mexico,'NA'
211,PISAMATH,GIRL,MEANSCORE,A,2012,406.427,Mexico,'NA'
212,PISAMATH,GIRL,MEANSCORE,A,2015,404.0,Mexico,'NA'
213,PISAMATH,GIRL,MEANSCORE,A,2018,403.0,Mexico,'NA'
214,PISAMATH,BOY,MEANSCORE,A,2003,540.0,Netherlands,EU
215,PISAMATH,BOY,MEANSCORE,A,2006,537.0,Netherlands,EU
216,PISAMATH,BOY,MEANSCORE,A,2009,534.0,Netherlands,EU
217,PISAMATH,BOY,MEANSCORE,A,2012,527.967,Netherlands,EU
218,PISAMATH,BOY,MEANSCORE,A,2015,513.0,Netherlands,EU
219,PISAMATH,BOY,MEANSCORE,A,2018,520.0,Netherlands,EU
220,PISAMATH,GIRL,MEANSCORE,A,2003,535.0,Netherlands,EU
221,PISAMATH,GIRL,MEANSCORE,A,2006,524.0,Netherlands,EU
222,PISAMATH,GIRL,MEANSCORE,A,2009,517.0,Netherlands,EU
223,PISAMATH,GIRL,MEANSCORE,A,2012,517.738,Netherlands,EU
224,PISAMATH,GIRL,MEANSCORE,A,2015,511.0,Netherlands,EU
225,PISAMATH,GIRL,MEANSCORE,A,2018,519.0,Netherlands,EU
226,PISAMATH,BOY,MEANSCORE,A,2003,531.0,New Zealand,OC
227,PISAMATH,BOY,MEANSCORE,A,2006,527.0,New Zealand,OC
228,PISAMATH,BOY,MEANSCORE,A,2009,523.0,New Zealand,OC
229,PISAMATH,BOY,MEANSCORE,A,2012,507.112,New Zealand,OC
230,PISAMATH,BOY,MEANSCORE,A,2015,499.0,New Zealand,OC
231,PISAMATH,BOY,MEANSCORE,A,2018,499.0,New Zealand,OC
232,PISAMATH,GIRL,MEANSCORE,A,2003,516.0,New Zealand,OC
233,PISAMATH,GIRL,MEANSCORE,A,2006,517.0,New Zealand,OC
234,PISAMATH,GIRL,MEANSCORE,A,2009,515.0,New Zealand,OC
235,PISAMATH,GIRL,MEANSCORE,A,2012,492.057,New Zealand,OC
236,PISAMATH,GIRL,MEANSCORE,A,2015,491.0,New Zealand,OC
237,PISAMATH,GIRL,MEANSCORE,A,2018,490.0,New Zealand,OC
238,PISAMATH,BOY,MEANSCORE,A,2003,498.0,Norway,EU
239,PISAMATH,BOY,MEANSCORE,A,2006,493.0,Norway,EU
240,PISAMATH,BOY,MEANSCORE,A,2009,500.0,Norway,EU
241,PISAMATH,BOY,MEANSCORE,A,2012,490.399,Norway,EU
242,PISAMATH,BOY,MEANSCORE,A,2015,501.0,Norway,EU
243,PISAMATH,BOY,MEANSCORE,A,2018,497.0,Norway,EU
244,PISAMATH,GIRL,MEANSCORE,A,2003,492.0,Norway,EU
245,PISAMATH,GIRL,MEANSCORE,A,2006,487.0,Norway,EU
246,PISAMATH,GIRL,MEANSCORE,A,2009,495.0,Norway,EU
247,PISAMATH,GIRL,MEANSCORE,A,2012,488.293,Norway,EU
248,PISAMATH,GIRL,MEANSCORE,A,2015,503.0,Norway,EU
249,PISAMATH,GIRL,MEANSCORE,A,2018,505.0,Norway,EU
250,PISAMATH,BOY,MEANSCORE,A,2003,493.0,Poland,EU
251,PISAMATH,BOY,MEANSCORE,A,2006,500.0,Poland,EU
252,PISAMATH,BOY,MEANSCORE,A,2009,497.0,Poland,EU
253,PISAMATH,BOY,MEANSCORE,A,2012,519.564,Poland,EU
254,PISAMATH,BOY,MEANSCORE,A,2015,510.0,Poland,EU
255,PISAMATH,BOY,MEANSCORE,A,2018,516.0,Poland,EU
256,PISAMATH,GIRL,MEANSCORE,A,2003,487.0,Poland,EU
257,PISAMATH,GIRL,MEANSCORE,A,2006,491.0,Poland,EU
258,PISAMATH,GIRL,MEANSCORE,A,2009,493.0,Poland,EU
259,PISAMATH,GIRL,MEANSCORE,A,2012,515.533,Poland,EU
260,PISAMATH,GIRL,MEANSCORE,A,2015,499.0,Poland,EU
261,PISAMATH,GIRL,MEANSCORE,A,2018,515.0,Poland,EU
262,PISAMATH,BOY,MEANSCORE,A,2003,472.0,Portugal,EU
263,PISAMATH,BOY,MEANSCORE,A,2006,474.0,Portugal,EU
264,PISAMATH,BOY,MEANSCORE,A,2009,493.0,Portugal,EU
265,PISAMATH,BOY,MEANSCORE,A,2012,492.703,Portugal,EU
266,PISAMATH,BOY,MEANSCORE,A,2015,497.0,Portugal,EU
267,PISAMATH,BOY,MEANSCORE,A,2018,497.0,Portugal,EU
268,PISAMATH,GIRL,MEANSCORE,A,2003,460.0,Portugal,EU
269,PISAMATH,GIRL,MEANSCORE,A,2006,459.0,Portugal,EU
270,PISAMATH,GIRL,MEANSCORE,A,2009,481.0,Portugal,EU
271,PISAMATH,GIRL,MEANSCORE,A,2012,481.296,Portugal,EU
272,PISAMATH,GIRL,MEANSCORE,A,2015,487.0,Portugal,EU
273,PISAMATH,GIRL,MEANSCORE,A,2018,488.0,Portugal,EU
274,PISAMATH,BOY,MEANSCORE,A,2003,507.0,Slovakia,EU
275,PISAMATH,BOY,MEANSCORE,A,2006,499.0,Slovakia,EU
276,PISAMATH,BOY,MEANSCORE,A,2009,498.0,Slovakia,EU
277,PISAMATH,BOY,MEANSCORE,A,2012,486.134,Slovakia,EU
278,PISAMATH,BOY,MEANSCORE,A,2015,478.0,Slovakia,EU
279,PISAMATH,BOY,MEANSCORE,A,2018,488.0,Slovakia,EU
280,PISAMATH,GIRL,MEANSCORE,A,2003,489.0,Slovakia,EU
281,PISAMATH,GIRL,MEANSCORE,A,2006,485.0,Slovakia,EU
282,PISAMATH,GIRL,MEANSCORE,A,2009,495.0,Slovakia,EU
283,PISAMATH,GIRL,MEANSCORE,A,2012,476.712,Slovakia,EU
284,PISAMATH,GIRL,MEANSCORE,A,2015,472.0,Slovakia,EU
285,PISAMATH,GIRL,MEANSCORE,A,2018,484.0,Slovakia,EU
286,PISAMATH,BOY,MEANSCORE,A,2003,490.0,Spain,EU
287,PISAMATH,BOY,MEANSCORE,A,2006,484.0,Spain,EU
288,PISAMATH,BOY,MEANSCORE,A,2009,493.0,Spain,EU
289,PISAMATH,BOY,MEANSCORE,A,2012,492.422,Spain,EU
290,PISAMATH,BOY,MEANSCORE,A,2015,494.0,Spain,EU
291,PISAMATH,BOY,MEANSCORE,A,2018,485.0,Spain,EU
292,PISAMATH,GIRL,MEANSCORE,A,2003,481.0,Spain,EU
293,PISAMATH,GIRL,MEANSCORE,A,2006,476.0,Spain,EU
294,PISAMATH,GIRL,MEANSCORE,A,2009,474.0,Spain,EU
295,PISAMATH,GIRL,MEANSCORE,A,2012,475.965,Spain,EU
296,PISAMATH,GIRL,MEANSCORE,A,2015,478.0,Spain,EU
297,PISAMATH,GIRL,MEANSCORE,A,2018,478.0,Spain,EU
298,PISAMATH,BOY,MEANSCORE,A,2003,512.0,Sweden,EU
299,PISAMATH,BOY,MEANSCORE,A,2006,505.0,Sweden,EU
300,PISAMATH,BOY,MEANSCORE,A,2009,493.0,Sweden,EU
301,PISAMATH,BOY,MEANSCORE,A,2012,476.916,Sweden,EU
302,PISAMATH,BOY,MEANSCORE,A,2015,493.0,Sweden,EU
303,PISAMATH,BOY,MEANSCORE,A,2018,502.0,Sweden,EU
304,PISAMATH,GIRL,MEANSCORE,A,2003,506.0,Sweden,EU
305,PISAMATH,GIRL,MEANSCORE,A,2006,500.0,Sweden,EU
306,PISAMATH,GIRL,MEANSCORE,A,2009,495.0,Sweden,EU
307,PISAMATH,GIRL,MEANSCORE,A,2012,479.629,Sweden,EU
308,PISAMATH,GIRL,MEANSCORE,A,2015,495.0,Sweden,EU
309,PISAMATH,GIRL,MEANSCORE,A,2018,503.0,Sweden,EU
310,PISAMATH,BOY,MEANSCORE,A,2003,535.0,Switzerland,EU
311,PISAMATH,BOY,MEANSCORE,A,2006,536.0,Switzerland,EU
312,PISAMATH,BOY,MEANSCORE,A,2009,544.0,Switzerland,EU
313,PISAMATH,BOY,MEANSCORE,A,2012,537.369,Switzerland,EU
314,PISAMATH,BOY,MEANSCORE,A,2015,527.0,Switzerland,EU
315,PISAMATH,BOY,MEANSCORE,A,2018,519.0,Switzerland,EU
316,PISAMATH,GIRL,MEANSCORE,A,2003,518.0,Switzerland,EU
317,PISAMATH,GIRL,MEANSCORE,A,2006,523.0,Switzerland,EU
318,PISAMATH,GIRL,MEANSCORE,A,2009,524.0,Switzerland,EU
319,PISAMATH,GIRL,MEANSCORE,A,2012,524.473,Switzerland,EU
320,PISAMATH,GIRL,MEANSCORE,A,2015,515.0,Switzerland,EU
321,PISAMATH,GIRL,MEANSCORE,A,2018,512.0,Switzerland,EU
322,PISAMATH,BOY,MEANSCORE,A,2003,430.0,Turkey,AS
323,PISAMATH,BOY,MEANSCORE,A,2006,427.0,Turkey,AS
324,PISAMATH,BOY,MEANSCORE,A,2009,451.0,Turkey,AS
325,PISAMATH,BOY,MEANSCORE,A,2012,451.934,Turkey,AS
326,PISAMATH,BOY,MEANSCORE,A,2015,423.0,Turkey,AS
327,PISAMATH,BOY,MEANSCORE,A,2018,456.0,Turkey,AS
328,PISAMATH,GIRL,MEANSCORE,A,2003,415.0,Turkey,AS
329,PISAMATH,GIRL,MEANSCORE,A,2006,421.0,Turkey,AS
330,PISAMATH,GIRL,MEANSCORE,A,2009,440.0,Turkey,AS
331,PISAMATH,GIRL,MEANSCORE,A,2012,443.948,Turkey,AS
332,PISAMATH,GIRL,MEANSCORE,A,2015,418.0,Turkey,AS
333,PISAMATH,GIRL,MEANSCORE,A,2018,451.0,Turkey,AS
334,PISAMATH,BOY,MEANSCORE,A,2006,504.0,United Kingdom,EU
335,PISAMATH,BOY,MEANSCORE,A,2009,503.0,United Kingdom,EU
336,PISAMATH,BOY,MEANSCORE,A,2012,500.295,United Kingdom,EU
337,PISAMATH,BOY,MEANSCORE,A,2015,498.0,United Kingdom,EU
338,PISAMATH,BOY,MEANSCORE,A,2018,508.0,United Kingdom,EU
339,PISAMATH,GIRL,MEANSCORE,A,2006,487.0,United Kingdom,EU
340,PISAMATH,GIRL,MEANSCORE,A,2009,482.0,United Kingdom,EU
341,PISAMATH,GIRL,MEANSCORE,A,2012,487.815,United Kingdom,EU
342,PISAMATH,GIRL,MEANSCORE,A,2015,487.0,United Kingdom,EU
343,PISAMATH,GIRL,MEANSCORE,A,2018,496.0,United Kingdom,EU
344,PISAMATH,BOY,MEANSCORE,A,2003,486.0,United States,'NA'
345,PISAMATH,BOY,MEANSCORE,A,2006,479.0,United States,'NA'
346,PISAMATH,BOY,MEANSCORE,A,2009,497.0,United States,'NA'
347,PISAMATH,BOY,MEANSCORE,A,2012,483.647,United States,'NA'
348,PISAMATH,BOY,MEANSCORE,A,2015,474.0,United States,'NA'
349,PISAMATH,BOY,MEANSCORE,A,2018,482.0,United States,'NA'
350,PISAMATH,GIRL,MEANSCORE,A,2003,480.0,United States,'NA'
351,PISAMATH,GIRL,MEANSCORE,A,2006,470.0,United States,'NA'
352,PISAMATH,GIRL,MEANSCORE,A,2009,477.0,United States,'NA'
353,PISAMATH,GIRL,MEANSCORE,A,2012,478.995,United States,'NA'
354,PISAMATH,GIRL,MEANSCORE,A,2015,465.0,United States,'NA'
355,PISAMATH,GIRL,MEANSCORE,A,2018,474.0,United States,'NA'
356,PISAMATH,BOY,MEANSCORE,A,2003,365.0,Brazil,SA
357,PISAMATH,BOY,MEANSCORE,A,2006,380.0,Brazil,SA
358,PISAMATH,BOY,MEANSCORE,A,2009,394.0,Brazil,SA
359,PISAMATH,BOY,MEANSCORE,A,2012,400.769,Brazil,SA
360,PISAMATH,BOY,MEANSCORE,A,2015,385.0,Brazil,SA
361,PISAMATH,BOY,MEANSCORE,A,2018,388.0,Brazil,SA
362,PISAMATH,GIRL,MEANSCORE,A,2003,348.0,Brazil,SA
363,PISAMATH,GIRL,MEANSCORE,A,2006,361.0,Brazil,SA
364,PISAMATH,GIRL,MEANSCORE,A,2009,379.0,Brazil,SA
365,PISAMATH,GIRL,MEANSCORE,A,2012,382.925,Brazil,SA
366,PISAMATH,GIRL,MEANSCORE,A,2015,370.0,Brazil,SA
367,PISAMATH,GIRL,MEANSCORE,A,2018,379.0,Brazil,SA
368,PISAMATH,BOY,MEANSCORE,A,2006,424.0,Chile,SA
369,PISAMATH,BOY,MEANSCORE,A,2009,431.0,Chile,SA
370,PISAMATH,BOY,MEANSCORE,A,2012,435.525,Chile,SA
371,PISAMATH,BOY,MEANSCORE,A,2015,432.0,Chile,SA
372,PISAMATH,BOY,MEANSCORE,A,2018,421.0,Chile,SA
373,PISAMATH,GIRL,MEANSCORE,A,2006,396.0,Chile,SA
374,PISAMATH,GIRL,MEANSCORE,A,2009,410.0,Chile,SA
375,PISAMATH,GIRL,MEANSCORE,A,2012,410.543,Chile,SA
376,PISAMATH,GIRL,MEANSCORE,A,2015,413.0,Chile,SA
377,PISAMATH,GIRL,MEANSCORE,A,2018,414.0,Chile,SA
378,PISAMATH,BOY,MEANSCORE,A,2006,515.0,Estonia,EU
379,PISAMATH,BOY,MEANSCORE,A,2009,516.0,Estonia,EU
380,PISAMATH,BOY,MEANSCORE,A,2012,523.214,Estonia,EU
381,PISAMATH,BOY,MEANSCORE,A,2015,522.0,Estonia,EU
382,PISAMATH,BOY,MEANSCORE,A,2018,528.0,Estonia,EU
383,PISAMATH,GIRL,MEANSCORE,A,2006,514.0,Estonia,EU
384,PISAMATH,GIRL,MEANSCORE,A,2009,508.0,Estonia,EU
385,PISAMATH,GIRL,MEANSCORE,A,2012,517.93,Estonia,EU
386,PISAMATH,GIRL,MEANSCORE,A,2015,517.0,Estonia,EU
387,PISAMATH,GIRL,MEANSCORE,A,2018,519.0,Estonia,EU
388,PISAMATH,BOY,MEANSCORE,A,2003,362.0,Indonesia,AS
389,PISAMATH,BOY,MEANSCORE,A,2006,399.0,Indonesia,AS
390,PISAMATH,BOY,MEANSCORE,A,2009,371.0,Indonesia,AS
391,PISAMATH,BOY,MEANSCORE,A,2012,377.376,Indonesia,AS
392,PISAMATH,BOY,MEANSCORE,A,2015,385.0,Indonesia,AS
393,PISAMATH,BOY,MEANSCORE,A,2018,374.0,Indonesia,AS
394,PISAMATH,GIRL,MEANSCORE,A,2003,358.0,Indonesia,AS
395,PISAMATH,GIRL,MEANSCORE,A,2006,382.0,Indonesia,AS
396,PISAMATH,GIRL,MEANSCORE,A,2009,372.0,Indonesia,AS
397,PISAMATH,GIRL,MEANSCORE,A,2012,372.785,Indonesia,AS
398,PISAMATH,GIRL,MEANSCORE,A,2015,387.0,Indonesia,AS
399,PISAMATH,GIRL,MEANSCORE,A,2018,383.0,Indonesia,AS
400,PISAMATH,BOY,MEANSCORE,A,2006,448.0,Israel,AS
401,PISAMATH,BOY,MEANSCORE,A,2009,451.0,Israel,AS
402,PISAMATH,BOY,MEANSCORE,A,2012,472.398,Israel,AS
403,PISAMATH,BOY,MEANSCORE,A,2015,474.0,Israel,AS
404,PISAMATH,BOY,MEANSCORE,A,2018,458.0,Israel,AS
405,PISAMATH,GIRL,MEANSCORE,A,2006,436.0,Israel,AS
406,PISAMATH,GIRL,MEANSCORE,A,2009,443.0,Israel,AS
407,PISAMATH,GIRL,MEANSCORE,A,2012,460.749,Israel,AS
408,PISAMATH,GIRL,MEANSCORE,A,2015,466.0,Israel,AS
409,PISAMATH,GIRL,MEANSCORE,A,2018,467.0,Israel,AS
410,PISAMATH,BOY,MEANSCORE,A,2003,473.0,Russian Federation,EU
411,PISAMATH,BOY,MEANSCORE,A,2009,469.0,Russian Federation,EU
412,PISAMATH,BOY,MEANSCORE,A,2012,481.394,Russian Federation,EU
413,PISAMATH,BOY,MEANSCORE,A,2015,497.0,Russian Federation,EU
414,PISAMATH,BOY,MEANSCORE,A,2018,490.0,Russian Federation,EU
415,PISAMATH,GIRL,MEANSCORE,A,2003,463.0,Russian Federation,EU
416,PISAMATH,GIRL,MEANSCORE,A,2009,467.0,Russian Federation,EU
417,PISAMATH,GIRL,MEANSCORE,A,2012,482.944,Russian Federation,EU
418,PISAMATH,GIRL,MEANSCORE,A,2015,491.0,Russian Federation,EU
419,PISAMATH,GIRL,MEANSCORE,A,2018,485.0,Russian Federation,EU
420,PISAMATH,BOY,MEANSCORE,A,2006,507.0,Slovenia,EU
421,PISAMATH,BOY,MEANSCORE,A,2009,502.0,Slovenia,EU
422,PISAMATH,BOY,MEANSCORE,A,2012,502.748,Slovenia,EU
423,PISAMATH,BOY,MEANSCORE,A,2015,512.0,Slovenia,EU
424,PISAMATH,BOY,MEANSCORE,A,2018,509.0,Slovenia,EU
425,PISAMATH,GIRL,MEANSCORE,A,2006,502.0,Slovenia,EU
426,PISAMATH,GIRL,MEANSCORE,A,2009,501.0,Slovenia,EU
427,PISAMATH,GIRL,MEANSCORE,A,2012,499.387,Slovenia,EU
428,PISAMATH,GIRL,MEANSCORE,A,2015,508.0,Slovenia,EU
429,PISAMATH,GIRL,MEANSCORE,A,2018,509.0,Slovenia,EU
430,PISAMATH,BOY,MEANSCORE,A,2003,505.333,Wrong_name,Wrong_name
431,PISAMATH,BOY,MEANSCORE,A,2006,499.706,Wrong_name,Wrong_name
432,PISAMATH,BOY,MEANSCORE,A,2009,501.382,Wrong_name,Wrong_name
433,PISAMATH,BOY,MEANSCORE,A,2012,499.421,Wrong_name,Wrong_name
434,PISAMATH,BOY,MEANSCORE,A,2015,494.0,Wrong_name,Wrong_name
435,PISAMATH,BOY,MEANSCORE,A,2018,492.0,Wrong_name,Wrong_name
436,PISAMATH,GIRL,MEANSCORE,A,2003,494.833,Wrong_name,Wrong_name
437,PISAMATH,GIRL,MEANSCORE,A,2006,488.588,Wrong_name,Wrong_name
438,PISAMATH,GIRL,MEANSCORE,A,2009,489.794,Wrong_name,Wrong_name
439,PISAMATH,GIRL,MEANSCORE,A,2012,488.551,Wrong_name,Wrong_name
440,PISAMATH,GIRL,MEANSCORE,A,2015,486.0,Wrong_name,Wrong_name
441,PISAMATH,GIRL,MEANSCORE,A,2018,487.0,Wrong_name,Wrong_name
442,PISAMATH,BOY,MEANSCORE,A,2015,481.0,Latvia,EU
443,PISAMATH,BOY,MEANSCORE,A,2018,500.0,Latvia,EU
444,PISAMATH,GIRL,MEANSCORE,A,2015,483.0,Latvia,EU
445,PISAMATH,GIRL,MEANSCORE,A,2018,493.0,Latvia,EU
446,PISAMATH,BOY,MEANSCORE,A,2015,564.0,Singapore,AS
447,PISAMATH,GIRL,MEANSCORE,A,2015,564.0,Singapore,AS
448,PISAMATH,BOY,MEANSCORE,A,2015,395.0,Colombia,SA
449,PISAMATH,BOY,MEANSCORE,A,2018,401.0,Colombia,SA
450,PISAMATH,GIRL,MEANSCORE,A,2015,384.0,Colombia,SA
451,PISAMATH,GIRL,MEANSCORE,A,2018,381.0,Colombia,SA
452,PISAMATH,BOY,MEANSCORE,A,2015,549.0,Hong Kong,AS
453,PISAMATH,GIRL,MEANSCORE,A,2015,547.0,Hong Kong,AS
454,PISAMATH,BOY,MEANSCORE,A,2015,391.0,Peru,SA
455,PISAMATH,GIRL,MEANSCORE,A,2015,382.0,Peru,SA
456,PISAMATH,BOY,MEANSCORE,A,2015,545.0,"Taiwan, Province of China",AS
457,PISAMATH,GIRL,MEANSCORE,A,2015,539.0,"Taiwan, Province of China",AS
458,PISAMATH,BOY,MEANSCORE,A,2015,540.0,Macao,AS
459,PISAMATH,GIRL,MEANSCORE,A,2015,548.0,Macao,AS
460,PISAMATH,BOY,MEANSCORE,A,2018,411.0,Costa Rica,'NA'
461,PISAMATH,GIRL,MEANSCORE,A,2018,394.0,Costa Rica,'NA'
462,PISAMATH,BOY,MEANSCORE,A,2018,480.0,Lithuania,EU
463,PISAMATH,GIRL,MEANSCORE,A,2018,482.0,Lithuania,EU
464,PISASCIENCE,BOY,MEANSCORE,A,2006,527.0,Australia,OC
465,PISASCIENCE,BOY,MEANSCORE,A,2009,527.0,Australia,OC
466,PISASCIENCE,BOY,MEANSCORE,A,2012,523.728,Australia,OC
467,PISASCIENCE,BOY,MEANSCORE,A,2015,511.0,Australia,OC
468,PISASCIENCE,BOY,MEANSCORE,A,2018,504.0,Australia,OC
469,PISASCIENCE,GIRL,MEANSCORE,A,2006,527.0,Australia,OC
470,PISASCIENCE,GIRL,MEANSCORE,A,2009,528.0,Australia,OC
471,PISASCIENCE,GIRL,MEANSCORE,A,2012,519.124,Australia,OC
472,PISASCIENCE,GIRL,MEANSCORE,A,2015,509.0,Australia,OC
473,PISASCIENCE,GIRL,MEANSCORE,A,2018,502.0,Australia,OC
474,PISASCIENCE,BOY,MEANSCORE,A,2006,515.0,Austria,EU
475,PISASCIENCE,BOY,MEANSCORE,A,2012,510.108,Austria,EU
476,PISASCIENCE,BOY,MEANSCORE,A,2015,504.0,Austria,EU
477,PISASCIENCE,BOY,MEANSCORE,A,2018,491.0,Austria,EU
478,PISASCIENCE,GIRL,MEANSCORE,A,2006,507.0,Austria,EU
479,PISASCIENCE,GIRL,MEANSCORE,A,2012,501.479,Austria,EU
480,PISASCIENCE,GIRL,MEANSCORE,A,2015,486.0,Austria,EU
481,PISASCIENCE,GIRL,MEANSCORE,A,2018,489.0,Austria,EU
482,PISASCIENCE,BOY,MEANSCORE,A,2006,511.0,Belgium,EU
483,PISASCIENCE,BOY,MEANSCORE,A,2009,510.0,Belgium,EU
484,PISASCIENCE,BOY,MEANSCORE,A,2012,506.82,Belgium,EU
485,PISASCIENCE,BOY,MEANSCORE,A,2015,508.0,Belgium,EU
486,PISASCIENCE,BOY,MEANSCORE,A,2018,501.0,Belgium,EU
487,PISASCIENCE,GIRL,MEANSCORE,A,2006,510.0,Belgium,EU
488,PISASCIENCE,GIRL,MEANSCORE,A,2009,503.0,Belgium,EU
489,PISASCIENCE,GIRL,MEANSCORE,A,2012,502.9,Belgium,EU
490,PISASCIENCE,GIRL,MEANSCORE,A,2015,496.0,Belgium,EU
491,PISASCIENCE,GIRL,MEANSCORE,A,2018,496.0,Belgium,EU
492,PISASCIENCE,BOY,MEANSCORE,A,2006,536.0,Canada,'NA'
493,PISASCIENCE,BOY,MEANSCORE,A,2009,531.0,Canada,'NA'
494,PISASCIENCE,BOY,MEANSCORE,A,2012,526.875,Canada,'NA'
495,PISASCIENCE,BOY,MEANSCORE,A,2015,528.0,Canada,'NA'
496,PISASCIENCE,BOY,MEANSCORE,A,2018,516.0,Canada,'NA'
497,PISASCIENCE,GIRL,MEANSCORE,A,2006,532.0,Canada,'NA'
498,PISASCIENCE,GIRL,MEANSCORE,A,2009,526.0,Canada,'NA'
499,PISASCIENCE,GIRL,MEANSCORE,A,2012,524.053,Canada,'NA'
500,PISASCIENCE,GIRL,MEANSCORE,A,2015,527.0,Canada,'NA'
501,PISASCIENCE,GIRL,MEANSCORE,A,2018,520.0,Canada,'NA'
502,PISASCIENCE,BOY,MEANSCORE,A,2006,515.0,Czechia,EU
503,PISASCIENCE,BOY,MEANSCORE,A,2009,498.0,Czechia,EU
504,PISASCIENCE,BOY,MEANSCORE,A,2012,508.721,Czechia,EU
505,PISASCIENCE,BOY,MEANSCORE,A,2015,497.0,Czechia,EU
506,PISASCIENCE,BOY,MEANSCORE,A,2018,496.0,Czechia,EU
507,PISASCIENCE,GIRL,MEANSCORE,A,2006,510.0,Czechia,EU
508,PISASCIENCE,GIRL,MEANSCORE,A,2009,503.0,Czechia,EU
509,PISASCIENCE,GIRL,MEANSCORE,A,2012,507.855,Czechia,EU
510,PISASCIENCE,GIRL,MEANSCORE,A,2015,488.0,Czechia,EU
511,PISASCIENCE,GIRL,MEANSCORE,A,2018,498.0,Czechia,EU
512,PISASCIENCE,BOY,MEANSCORE,A,2006,500.0,Denmark,EU
513,PISASCIENCE,BOY,MEANSCORE,A,2009,505.0,Denmark,EU
514,PISASCIENCE,BOY,MEANSCORE,A,2012,503.533,Denmark,EU
515,PISASCIENCE,BOY,MEANSCORE,A,2015,505.0,Denmark,EU
516,PISASCIENCE,BOY,MEANSCORE,A,2018,492.0,Denmark,EU
517,PISASCIENCE,GIRL,MEANSCORE,A,2006,491.0,Denmark,EU
518,PISASCIENCE,GIRL,MEANSCORE,A,2009,494.0,Denmark,EU
519,PISASCIENCE,GIRL,MEANSCORE,A,2012,493.363,Denmark,EU
520,PISASCIENCE,GIRL,MEANSCORE,A,2015,499.0,Denmark,EU
521,PISASCIENCE,GIRL,MEANSCORE,A,2018,494.0,Denmark,EU
522,PISASCIENCE,BOY,MEANSCORE,A,2006,562.0,Finland,EU
523,PISASCIENCE,BOY,MEANSCORE,A,2009,546.0,Finland,EU
524,PISASCIENCE,BOY,MEANSCORE,A,2012,537.436,Finland,EU
525,PISASCIENCE,BOY,MEANSCORE,A,2015,521.0,Finland,EU
526,PISASCIENCE,BOY,MEANSCORE,A,2018,510.0,Finland,EU
527,PISASCIENCE,GIRL,MEANSCORE,A,2006,565.0,Finland,EU
528,PISASCIENCE,GIRL,MEANSCORE,A,2009,562.0,Finland,EU
529,PISASCIENCE,GIRL,MEANSCORE,A,2012,553.893,Finland,EU
530,PISASCIENCE,GIRL,MEANSCORE,A,2015,541.0,Finland,EU
531,PISASCIENCE,GIRL,MEANSCORE,A,2018,534.0,Finland,EU
532,PISASCIENCE,BOY,MEANSCORE,A,2006,497.0,France,EU
533,PISASCIENCE,BOY,MEANSCORE,A,2009,500.0,France,EU
534,PISASCIENCE,BOY,MEANSCORE,A,2012,497.716,France,EU
535,PISASCIENCE,BOY,MEANSCORE,A,2015,496.0,France,EU
536,PISASCIENCE,BOY,MEANSCORE,A,2018,493.0,France,EU
537,PISASCIENCE,GIRL,MEANSCORE,A,2006,494.0,France,EU
538,PISASCIENCE,GIRL,MEANSCORE,A,2009,497.0,France,EU
539,PISASCIENCE,GIRL,MEANSCORE,A,2012,500.157,France,EU
540,PISASCIENCE,GIRL,MEANSCORE,A,2015,494.0,France,EU
541,PISASCIENCE,GIRL,MEANSCORE,A,2018,493.0,France,EU
542,PISASCIENCE,BOY,MEANSCORE,A,2006,519.0,Germany,EU
543,PISASCIENCE,BOY,MEANSCORE,A,2009,523.0,Germany,EU
544,PISASCIENCE,BOY,MEANSCORE,A,2012,523.86,Germany,EU
545,PISASCIENCE,BOY,MEANSCORE,A,2015,514.0,Germany,EU
546,PISASCIENCE,BOY,MEANSCORE,A,2018,502.0,Germany,EU
547,PISASCIENCE,GIRL,MEANSCORE,A,2006,512.0,Germany,EU
548,PISASCIENCE,GIRL,MEANSCORE,A,2009,518.0,Germany,EU
549,PISASCIENCE,GIRL,MEANSCORE,A,2012,524.391,Germany,EU
550,PISASCIENCE,GIRL,MEANSCORE,A,2015,504.0,Germany,EU
551,PISASCIENCE,GIRL,MEANSCORE,A,2018,504.0,Germany,EU
552,PISASCIENCE,BOY,MEANSCORE,A,2006,468.0,Greece,EU
553,PISASCIENCE,BOY,MEANSCORE,A,2009,465.0,Greece,EU
554,PISASCIENCE,BOY,MEANSCORE,A,2012,460.02,Greece,EU
555,PISASCIENCE,BOY,MEANSCORE,A,2015,451.0,Greece,EU
556,PISASCIENCE,BOY,MEANSCORE,A,2018,446.0,Greece,EU
557,PISASCIENCE,GIRL,MEANSCORE,A,2006,479.0,Greece,EU
558,PISASCIENCE,GIRL,MEANSCORE,A,2009,475.0,Greece,EU
559,PISASCIENCE,GIRL,MEANSCORE,A,2012,473.298,Greece,EU
560,PISASCIENCE,GIRL,MEANSCORE,A,2015,459.0,Greece,EU
561,PISASCIENCE,GIRL,MEANSCORE,A,2018,457.0,Greece,EU
562,PISASCIENCE,BOY,MEANSCORE,A,2006,507.0,Hungary,EU
563,PISASCIENCE,BOY,MEANSCORE,A,2009,503.0,Hungary,EU
564,PISASCIENCE,BOY,MEANSCORE,A,2012,495.913,Hungary,EU
565,PISASCIENCE,BOY,MEANSCORE,A,2015,478.0,Hungary,EU
566,PISASCIENCE,BOY,MEANSCORE,A,2018,484.0,Hungary,EU
567,PISASCIENCE,GIRL,MEANSCORE,A,2006,501.0,Hungary,EU
568,PISASCIENCE,GIRL,MEANSCORE,A,2009,503.0,Hungary,EU
569,PISASCIENCE,GIRL,MEANSCORE,A,2012,492.803,Hungary,EU
570,PISASCIENCE,GIRL,MEANSCORE,A,2015,475.0,Hungary,EU
571,PISASCIENCE,GIRL,MEANSCORE,A,2018,478.0,Hungary,EU
572,PISASCIENCE,BOY,MEANSCORE,A,2006,488.0,Iceland,EU
573,PISASCIENCE,BOY,MEANSCORE,A,2009,496.0,Iceland,EU
574,PISASCIENCE,BOY,MEANSCORE,A,2012,476.676,Iceland,EU
575,PISASCIENCE,BOY,MEANSCORE,A,2015,472.0,Iceland,EU
576,PISASCIENCE,BOY,MEANSCORE,A,2018,471.0,Iceland,EU
577,PISASCIENCE,GIRL,MEANSCORE,A,2006,494.0,Iceland,EU
578,PISASCIENCE,GIRL,MEANSCORE,A,2009,495.0,Iceland,EU
579,PISASCIENCE,GIRL,MEANSCORE,A,2012,479.669,Iceland,EU
580,PISASCIENCE,GIRL,MEANSCORE,A,2015,475.0,Iceland,EU
581,PISASCIENCE,GIRL,MEANSCORE,A,2018,479.0,Iceland,EU
582,PISASCIENCE,BOY,MEANSCORE,A,2006,508.0,Ireland,EU
583,PISASCIENCE,BOY,MEANSCORE,A,2009,507.0,Ireland,EU
584,PISASCIENCE,BOY,MEANSCORE,A,2012,523.942,Ireland,EU
585,PISASCIENCE,BOY,MEANSCORE,A,2015,508.0,Ireland,EU
586,PISASCIENCE,BOY,MEANSCORE,A,2018,495.0,Ireland,EU
587,PISASCIENCE,GIRL,MEANSCORE,A,2006,509.0,Ireland,EU
588,PISASCIENCE,GIRL,MEANSCORE,A,2009,509.0,Ireland,EU
589,PISASCIENCE,GIRL,MEANSCORE,A,2012,520.0,Ireland,EU
590,PISASCIENCE,GIRL,MEANSCORE,A,2015,497.0,Ireland,EU
591,PISASCIENCE,GIRL,MEANSCORE,A,2018,497.0,Ireland,EU
592,PISASCIENCE,BOY,MEANSCORE,A,2006,477.0,Italy,EU
593,PISASCIENCE,BOY,MEANSCORE,A,2009,488.0,Italy,EU
594,PISASCIENCE,BOY,MEANSCORE,A,2012,494.897,Italy,EU
595,PISASCIENCE,BOY,MEANSCORE,A,2015,489.0,Italy,EU
596,PISASCIENCE,BOY,MEANSCORE,A,2018,470.0,Italy,EU
597,PISASCIENCE,GIRL,MEANSCORE,A,2006,474.0,Italy,EU
598,PISASCIENCE,GIRL,MEANSCORE,A,2009,490.0,Italy,EU
599,PISASCIENCE,GIRL,MEANSCORE,A,2012,492.087,Italy,EU
600,PISASCIENCE,GIRL,MEANSCORE,A,2015,472.0,Italy,EU
601,PISASCIENCE,GIRL,MEANSCORE,A,2018,466.0,Italy,EU
602,PISASCIENCE,BOY,MEANSCORE,A,2006,533.0,Japan,AS
603,PISASCIENCE,BOY,MEANSCORE,A,2009,534.0,Japan,AS
604,PISASCIENCE,BOY,MEANSCORE,A,2012,551.947,Japan,AS
605,PISASCIENCE,BOY,MEANSCORE,A,2015,545.0,Japan,AS
606,PISASCIENCE,BOY,MEANSCORE,A,2018,531.0,Japan,AS
607,PISASCIENCE,GIRL,MEANSCORE,A,2006,530.0,Japan,AS
608,PISASCIENCE,GIRL,MEANSCORE,A,2009,545.0,Japan,AS
609,PISASCIENCE,GIRL,MEANSCORE,A,2012,540.959,Japan,AS
610,PISASCIENCE,GIRL,MEANSCORE,A,2015,532.0,Japan,AS
611,PISASCIENCE,GIRL,MEANSCORE,A,2018,528.0,Japan,AS
612,PISASCIENCE,BOY,MEANSCORE,A,2006,521.0,"Korea, Republic of",AS
613,PISASCIENCE,BOY,MEANSCORE,A,2009,537.0,"Korea, Republic of",AS
614,PISASCIENCE,BOY,MEANSCORE,A,2012,539.408,"Korea, Republic of",AS
615,PISASCIENCE,BOY,MEANSCORE,A,2015,511.0,"Korea, Republic of",AS
616,PISASCIENCE,BOY,MEANSCORE,A,2018,521.0,"Korea, Republic of",AS
617,PISASCIENCE,GIRL,MEANSCORE,A,2006,523.0,"Korea, Republic of",AS
618,PISASCIENCE,GIRL,MEANSCORE,A,2009,539.0,"Korea, Republic of",AS
619,PISASCIENCE,GIRL,MEANSCORE,A,2012,535.93,"Korea, Republic of",AS
620,PISASCIENCE,GIRL,MEANSCORE,A,2015,521.0,"Korea, Republic of",AS
621,PISASCIENCE,GIRL,MEANSCORE,A,2018,517.0,"Korea, Republic of",AS
622,PISASCIENCE,BOY,MEANSCORE,A,2006,491.0,Luxembourg,EU
623,PISASCIENCE,BOY,MEANSCORE,A,2009,487.0,Luxembourg,EU
624,PISASCIENCE,BOY,MEANSCORE,A,2012,498.715,Luxembourg,EU
625,PISASCIENCE,BOY,MEANSCORE,A,2015,487.0,Luxembourg,EU
626,PISASCIENCE,BOY,MEANSCORE,A,2018,475.0,Luxembourg,EU
627,PISASCIENCE,GIRL,MEANSCORE,A,2006,482.0,Luxembourg,EU
628,PISASCIENCE,GIRL,MEANSCORE,A,2009,480.0,Luxembourg,EU
629,PISASCIENCE,GIRL,MEANSCORE,A,2012,483.484,Luxembourg,EU
630,PISASCIENCE,GIRL,MEANSCORE,A,2015,479.0,Luxembourg,EU
631,PISASCIENCE,GIRL,MEANSCORE,A,2018,479.0,Luxembourg,EU
632,PISASCIENCE,BOY,MEANSCORE,A,2006,413.0,Mexico,'NA'
633,PISASCIENCE,BOY,MEANSCORE,A,2009,419.0,Mexico,'NA'
634,PISASCIENCE,BOY,MEANSCORE,A,2012,418.128,Mexico,'NA'
635,PISASCIENCE,BOY,MEANSCORE,A,2015,420.0,Mexico,'NA'
636,PISASCIENCE,BOY,MEANSCORE,A,2018,424.0,Mexico,'NA'
637,PISASCIENCE,GIRL,MEANSCORE,A,2006,406.0,Mexico,'NA'
638,PISASCIENCE,GIRL,MEANSCORE,A,2009,413.0,Mexico,'NA'
639,PISASCIENCE,GIRL,MEANSCORE,A,2012,411.836,Mexico,'NA'
640,PISASCIENCE,GIRL,MEANSCORE,A,2015,412.0,Mexico,'NA'
641,PISASCIENCE,GIRL,MEANSCORE,A,2018,415.0,Mexico,'NA'
642,PISASCIENCE,BOY,MEANSCORE,A,2006,528.0,Netherlands,EU
643,PISASCIENCE,BOY,MEANSCORE,A,2009,524.0,Netherlands,EU
644,PISASCIENCE,BOY,MEANSCORE,A,2012,523.622,Netherlands,EU
645,PISASCIENCE,BOY,MEANSCORE,A,2015,511.0,Netherlands,EU
646,PISASCIENCE,BOY,MEANSCORE,A,2018,499.0,Netherlands,EU
647,PISASCIENCE,GIRL,MEANSCORE,A,2006,521.0,Netherlands,EU
648,PISASCIENCE,GIRL,MEANSCORE,A,2009,520.0,Netherlands,EU
649,PISASCIENCE,GIRL,MEANSCORE,A,2012,520.415,Netherlands,EU
650,PISASCIENCE,GIRL,MEANSCORE,A,2015,507.0,Netherlands,EU
651,PISASCIENCE,GIRL,MEANSCORE,A,2018,508.0,Netherlands,EU
652,PISASCIENCE,BOY,MEANSCORE,A,2006,528.0,New Zealand,OC
653,PISASCIENCE,BOY,MEANSCORE,A,2009,529.0,New Zealand,OC
654,PISASCIENCE,BOY,MEANSCORE,A,2012,517.875,New Zealand,OC
655,PISASCIENCE,BOY,MEANSCORE,A,2015,516.0,New Zealand,OC
656,PISASCIENCE,BOY,MEANSCORE,A,2018,509.0,New Zealand,OC
657,PISASCIENCE,GIRL,MEANSCORE,A,2006,532.0,New Zealand,OC
658,PISASCIENCE,GIRL,MEANSCORE,A,2009,535.0,New Zealand,OC
659,PISASCIENCE,GIRL,MEANSCORE,A,2012,513.297,New Zealand,OC
660,PISASCIENCE,GIRL,MEANSCORE,A,2015,511.0,New Zealand,OC
661,PISASCIENCE,GIRL,MEANSCORE,A,2018,508.0,New Zealand,OC
662,PISASCIENCE,BOY,MEANSCORE,A,2006,484.0,Norway,EU
663,PISASCIENCE,BOY,MEANSCORE,A,2009,498.0,Norway,EU
664,PISASCIENCE,BOY,MEANSCORE,A,2012,492.792,Norway,EU
665,PISASCIENCE,BOY,MEANSCORE,A,2015,500.0,Norway,EU
666,PISASCIENCE,BOY,MEANSCORE,A,2018,485.0,Norway,EU
667,PISASCIENCE,GIRL,MEANSCORE,A,2006,489.0,Norway,EU
668,PISASCIENCE,GIRL,MEANSCORE,A,2009,502.0,Norway,EU
669,PISASCIENCE,GIRL,MEANSCORE,A,2012,496.346,Norway,EU
670,PISASCIENCE,GIRL,MEANSCORE,A,2015,497.0,Norway,EU
671,PISASCIENCE,GIRL,MEANSCORE,A,2018,496.0,Norway,EU
672,PISASCIENCE,BOY,MEANSCORE,A,2006,500.0,Poland,EU
673,PISASCIENCE,BOY,MEANSCORE,A,2009,505.0,Poland,EU
674,PISASCIENCE,BOY,MEANSCORE,A,2012,524.421,Poland,EU
675,PISASCIENCE,BOY,MEANSCORE,A,2015,504.0,Poland,EU
676,PISASCIENCE,BOY,MEANSCORE,A,2018,511.0,Poland,EU
677,PISASCIENCE,GIRL,MEANSCORE,A,2006,496.0,Poland,EU
678,PISASCIENCE,GIRL,MEANSCORE,A,2009,511.0,Poland,EU
679,PISASCIENCE,GIRL,MEANSCORE,A,2012,527.149,Poland,EU
680,PISASCIENCE,GIRL,MEANSCORE,A,2015,498.0,Poland,EU
681,PISASCIENCE,GIRL,MEANSCORE,A,2018,511.0,Poland,EU
682,PISASCIENCE,BOY,MEANSCORE,A,2006,477.0,Portugal,EU
683,PISASCIENCE,BOY,MEANSCORE,A,2009,491.0,Portugal,EU
684,PISASCIENCE,BOY,MEANSCORE,A,2012,488.346,Portugal,EU
685,PISASCIENCE,BOY,MEANSCORE,A,2015,506.0,Portugal,EU
686,PISASCIENCE,BOY,MEANSCORE,A,2018,494.0,Portugal,EU
687,PISASCIENCE,GIRL,MEANSCORE,A,2006,472.0,Portugal,EU
688,PISASCIENCE,GIRL,MEANSCORE,A,2009,495.0,Portugal,EU
689,PISASCIENCE,GIRL,MEANSCORE,A,2012,490.224,Portugal,EU
690,PISASCIENCE,GIRL,MEANSCORE,A,2015,496.0,Portugal,EU
691,PISASCIENCE,GIRL,MEANSCORE,A,2018,489.0,Portugal,EU
692,PISASCIENCE,BOY,MEANSCORE,A,2006,491.0,Slovakia,EU
693,PISASCIENCE,BOY,MEANSCORE,A,2009,490.0,Slovakia,EU
694,PISASCIENCE,BOY,MEANSCORE,A,2012,474.658,Slovakia,EU
695,PISASCIENCE,BOY,MEANSCORE,A,2015,460.0,Slovakia,EU
696,PISASCIENCE,BOY,MEANSCORE,A,2018,461.0,Slovakia,EU
697,PISASCIENCE,GIRL,MEANSCORE,A,2006,485.0,Slovakia,EU
698,PISASCIENCE,GIRL,MEANSCORE,A,2009,491.0,Slovakia,EU
699,PISASCIENCE,GIRL,MEANSCORE,A,2012,467.385,Slovakia,EU
700,PISASCIENCE,GIRL,MEANSCORE,A,2015,461.0,Slovakia,EU
701,PISASCIENCE,GIRL,MEANSCORE,A,2018,467.0,Slovakia,EU
702,PISASCIENCE,BOY,MEANSCORE,A,2006,491.0,Spain,EU
703,PISASCIENCE,BOY,MEANSCORE,A,2009,492.0,Spain,EU
704,PISASCIENCE,BOY,MEANSCORE,A,2012,500.119,Spain,EU
705,PISASCIENCE,BOY,MEANSCORE,A,2015,496.0,Spain,EU
706,PISASCIENCE,BOY,MEANSCORE,A,2018,484.0,Spain,EU
707,PISASCIENCE,GIRL,MEANSCORE,A,2006,486.0,Spain,EU
708,PISASCIENCE,GIRL,MEANSCORE,A,2009,485.0,Spain,EU
709,PISASCIENCE,GIRL,MEANSCORE,A,2012,492.658,Spain,EU
710,PISASCIENCE,GIRL,MEANSCORE,A,2015,489.0,Spain,EU
711,PISASCIENCE,GIRL,MEANSCORE,A,2018,482.0,Spain,EU
712,PISASCIENCE,BOY,MEANSCORE,A,2006,504.0,Sweden,EU
713,PISASCIENCE,BOY,MEANSCORE,A,2009,493.0,Sweden,EU
714,PISASCIENCE,BOY,MEANSCORE,A,2012,481.151,Sweden,EU
715,PISASCIENCE,BOY,MEANSCORE,A,2015,491.0,Sweden,EU
716,PISASCIENCE,BOY,MEANSCORE,A,2018,496.0,Sweden,EU
717,PISASCIENCE,GIRL,MEANSCORE,A,2006,503.0,Sweden,EU
718,PISASCIENCE,GIRL,MEANSCORE,A,2009,497.0,Sweden,EU
719,PISASCIENCE,GIRL,MEANSCORE,A,2012,488.513,Sweden,EU
720,PISASCIENCE,GIRL,MEANSCORE,A,2015,496.0,Sweden,EU
721,PISASCIENCE,GIRL,MEANSCORE,A,2018,503.0,Sweden,EU
722,PISASCIENCE,BOY,MEANSCORE,A,2006,514.0,Switzerland,EU
723,PISASCIENCE,BOY,MEANSCORE,A,2009,520.0,Switzerland,EU
724,PISASCIENCE,BOY,MEANSCORE,A,2012,518.255,Switzerland,EU
725,PISASCIENCE,BOY,MEANSCORE,A,2015,508.0,Switzerland,EU
726,PISASCIENCE,BOY,MEANSCORE,A,2018,495.0,Switzerland,EU
727,PISASCIENCE,GIRL,MEANSCORE,A,2006,509.0,Switzerland,EU
728,PISASCIENCE,GIRL,MEANSCORE,A,2009,512.0,Switzerland,EU
729,PISASCIENCE,GIRL,MEANSCORE,A,2012,512.331,Switzerland,EU
730,PISASCIENCE,GIRL,MEANSCORE,A,2015,502.0,Switzerland,EU
731,PISASCIENCE,GIRL,MEANSCORE,A,2018,495.0,Switzerland,EU
732,PISASCIENCE,BOY,MEANSCORE,A,2006,418.0,Turkey,AS
733,PISASCIENCE,BOY,MEANSCORE,A,2009,448.0,Turkey,AS
734,PISASCIENCE,BOY,MEANSCORE,A,2012,458.316,Turkey,AS
735,PISASCIENCE,BOY,MEANSCORE,A,2015,422.0,Turkey,AS
736,PISASCIENCE,BOY,MEANSCORE,A,2018,465.0,Turkey,AS
737,PISASCIENCE,GIRL,MEANSCORE,A,2006,430.0,Turkey,AS
738,PISASCIENCE,GIRL,MEANSCORE,A,2009,460.0,Turkey,AS
739,PISASCIENCE,GIRL,MEANSCORE,A,2012,468.622,Turkey,AS
740,PISASCIENCE,GIRL,MEANSCORE,A,2015,429.0,Turkey,AS
741,PISASCIENCE,GIRL,MEANSCORE,A,2018,472.0,Turkey,AS
742,PISASCIENCE,BOY,MEANSCORE,A,2006,520.0,United Kingdom,EU
743,PISASCIENCE,BOY,MEANSCORE,A,2009,519.0,United Kingdom,EU
744,PISASCIENCE,BOY,MEANSCORE,A,2012,520.622,United Kingdom,EU
745,PISASCIENCE,BOY,MEANSCORE,A,2015,510.0,United Kingdom,EU
746,PISASCIENCE,BOY,MEANSCORE,A,2018,506.0,United Kingdom,EU
747,PISASCIENCE,GIRL,MEANSCORE,A,2006,510.0,United Kingdom,EU
748,PISASCIENCE,GIRL,MEANSCORE,A,2009,509.0,United Kingdom,EU
749,PISASCIENCE,GIRL,MEANSCORE,A,2012,507.883,United Kingdom,EU
750,PISASCIENCE,GIRL,MEANSCORE,A,2015,509.0,United Kingdom,EU
751,PISASCIENCE,GIRL,MEANSCORE,A,2018,503.0,United Kingdom,EU
752,PISASCIENCE,BOY,MEANSCORE,A,2006,489.0,United States,'NA'
753,PISASCIENCE,BOY,MEANSCORE,A,2009,509.0,United States,'NA'
754,PISASCIENCE,BOY,MEANSCORE,A,2012,496.529,United States,'NA'
755,PISASCIENCE,BOY,MEANSCORE,A,2015,500.0,United States,'NA'
756,PISASCIENCE,BOY,MEANSCORE,A,2018,503.0,United States,'NA'
757,PISASCIENCE,GIRL,MEANSCORE,A,2006,489.0,United States,'NA'
758,PISASCIENCE,GIRL,MEANSCORE,A,2009,495.0,United States,'NA'
759,PISASCIENCE,GIRL,MEANSCORE,A,2012,498.325,United States,'NA'
760,PISASCIENCE,GIRL,MEANSCORE,A,2015,493.0,United States,'NA'
761,PISASCIENCE,GIRL,MEANSCORE,A,2018,502.0,United States,'NA'
762,PISASCIENCE,BOY,MEANSCORE,A,2006,395.0,Brazil,SA
763,PISASCIENCE,BOY,MEANSCORE,A,2009,407.0,Brazil,SA
764,PISASCIENCE,BOY,MEANSCORE,A,2012,405.541,Brazil,SA
765,PISASCIENCE,BOY,MEANSCORE,A,2015,403.0,Brazil,SA
766,PISASCIENCE,BOY,MEANSCORE,A,2018,403.0,Brazil,SA
767,PISASCIENCE,GIRL,MEANSCORE,A,2006,386.0,Brazil,SA
768,PISASCIENCE,GIRL,MEANSCORE,A,2009,404.0,Brazil,SA
769,PISASCIENCE,GIRL,MEANSCORE,A,2012,403.949,Brazil,SA
770,PISASCIENCE,GIRL,MEANSCORE,A,2015,399.0,Brazil,SA
771,PISASCIENCE,GIRL,MEANSCORE,A,2018,404.0,Brazil,SA
772,PISASCIENCE,BOY,MEANSCORE,A,2006,448.0,Chile,SA
773,PISASCIENCE,BOY,MEANSCORE,A,2009,452.0,Chile,SA
774,PISASCIENCE,BOY,MEANSCORE,A,2012,448.441,Chile,SA
775,PISASCIENCE,BOY,MEANSCORE,A,2015,454.0,Chile,SA
776,PISASCIENCE,BOY,MEANSCORE,A,2018,445.0,Chile,SA
777,PISASCIENCE,GIRL,MEANSCORE,A,2006,426.0,Chile,SA
778,PISASCIENCE,GIRL,MEANSCORE,A,2009,443.0,Chile,SA
779,PISASCIENCE,GIRL,MEANSCORE,A,2012,441.645,Chile,SA
780,PISASCIENCE,GIRL,MEANSCORE,A,2015,440.0,Chile,SA
781,PISASCIENCE,GIRL,MEANSCORE,A,2018,442.0,Chile,SA
782,PISASCIENCE,BOY,MEANSCORE,A,2006,530.0,Estonia,EU
783,PISASCIENCE,BOY,MEANSCORE,A,2009,527.0,Estonia,EU
784,PISASCIENCE,BOY,MEANSCORE,A,2012,540.177,Estonia,EU
785,PISASCIENCE,BOY,MEANSCORE,A,2015,536.0,Estonia,EU
786,PISASCIENCE,BOY,MEANSCORE,A,2018,528.0,Estonia,EU
787,PISASCIENCE,GIRL,MEANSCORE,A,2006,533.0,Estonia,EU
788,PISASCIENCE,GIRL,MEANSCORE,A,2009,528.0,Estonia,EU
789,PISASCIENCE,GIRL,MEANSCORE,A,2012,542.608,Estonia,EU
790,PISASCIENCE,GIRL,MEANSCORE,A,2015,533.0,Estonia,EU
791,PISASCIENCE,GIRL,MEANSCORE,A,2018,533.0,Estonia,EU
792,PISASCIENCE,BOY,MEANSCORE,A,2006,399.0,Indonesia,AS
793,PISASCIENCE,BOY,MEANSCORE,A,2009,378.0,Indonesia,AS
794,PISASCIENCE,BOY,MEANSCORE,A,2012,380.409,Indonesia,AS
795,PISASCIENCE,BOY,MEANSCORE,A,2015,401.0,Indonesia,AS
796,PISASCIENCE,BOY,MEANSCORE,A,2018,393.0,Indonesia,AS
797,PISASCIENCE,GIRL,MEANSCORE,A,2006,387.0,Indonesia,AS
798,PISASCIENCE,GIRL,MEANSCORE,A,2009,387.0,Indonesia,AS
799,PISASCIENCE,GIRL,MEANSCORE,A,2012,383.459,Indonesia,AS
800,PISASCIENCE,GIRL,MEANSCORE,A,2015,405.0,Indonesia,AS
801,PISASCIENCE,GIRL,MEANSCORE,A,2018,399.0,Indonesia,AS
802,PISASCIENCE,BOY,MEANSCORE,A,2006,456.0,Israel,AS
803,PISASCIENCE,BOY,MEANSCORE,A,2009,453.0,Israel,AS
804,PISASCIENCE,BOY,MEANSCORE,A,2012,469.715,Israel,AS
805,PISASCIENCE,BOY,MEANSCORE,A,2015,469.0,Israel,AS
806,PISASCIENCE,BOY,MEANSCORE,A,2018,452.0,Israel,AS
807,PISASCIENCE,GIRL,MEANSCORE,A,2006,452.0,Israel,AS
808,PISASCIENCE,GIRL,MEANSCORE,A,2009,456.0,Israel,AS
809,PISASCIENCE,GIRL,MEANSCORE,A,2012,470.419,Israel,AS
810,PISASCIENCE,GIRL,MEANSCORE,A,2015,464.0,Israel,AS
811,PISASCIENCE,GIRL,MEANSCORE,A,2018,471.0,Israel,AS
812,PISASCIENCE,BOY,MEANSCORE,A,2009,477.0,Russian Federation,EU
813,PISASCIENCE,BOY,MEANSCORE,A,2012,483.532,Russian Federation,EU
814,PISASCIENCE,BOY,MEANSCORE,A,2015,489.0,Russian Federation,EU
815,PISASCIENCE,BOY,MEANSCORE,A,2018,477.0,Russian Federation,EU
816,PISASCIENCE,GIRL,MEANSCORE,A,2009,480.0,Russian Federation,EU
817,PISASCIENCE,GIRL,MEANSCORE,A,2012,489.058,Russian Federation,EU
818,PISASCIENCE,GIRL,MEANSCORE,A,2015,485.0,Russian Federation,EU
819,PISASCIENCE,GIRL,MEANSCORE,A,2018,478.0,Russian Federation,EU
820,PISASCIENCE,BOY,MEANSCORE,A,2006,515.0,Slovenia,EU
821,PISASCIENCE,BOY,MEANSCORE,A,2009,505.0,Slovenia,EU
822,PISASCIENCE,BOY,MEANSCORE,A,2012,509.882,Slovenia,EU
823,PISASCIENCE,BOY,MEANSCORE,A,2015,510.0,Slovenia,EU
824,PISASCIENCE,BOY,MEANSCORE,A,2018,502.0,Slovenia,EU
825,PISASCIENCE,GIRL,MEANSCORE,A,2006,523.0,Slovenia,EU
826,PISASCIENCE,GIRL,MEANSCORE,A,2009,519.0,Slovenia,EU
827,PISASCIENCE,GIRL,MEANSCORE,A,2012,518.717,Slovenia,EU
828,PISASCIENCE,GIRL,MEANSCORE,A,2015,516.0,Slovenia,EU
829,PISASCIENCE,GIRL,MEANSCORE,A,2018,512.0,Slovenia,EU
830,PISASCIENCE,BOY,MEANSCORE,A,2006,499.441,Wrong_name,Wrong_name
831,PISASCIENCE,BOY,MEANSCORE,A,2009,500.853,Wrong_name,Wrong_name
832,PISASCIENCE,BOY,MEANSCORE,A,2012,501.863,Wrong_name,Wrong_name
833,PISASCIENCE,BOY,MEANSCORE,A,2015,495.0,Wrong_name,Wrong_name
834,PISASCIENCE,BOY,MEANSCORE,A,2018,488.0,Wrong_name,Wrong_name
835,PISASCIENCE,GIRL,MEANSCORE,A,2006,497.118,Wrong_name,Wrong_name
836,PISASCIENCE,GIRL,MEANSCORE,A,2009,500.824,Wrong_name,Wrong_name
837,PISASCIENCE,GIRL,MEANSCORE,A,2012,500.406,Wrong_name,Wrong_name
838,PISASCIENCE,GIRL,MEANSCORE,A,2015,491.0,Wrong_name,Wrong_name
839,PISASCIENCE,GIRL,MEANSCORE,A,2018,490.0,Wrong_name,Wrong_name
840,PISASCIENCE,BOY,MEANSCORE,A,2015,485.0,Latvia,EU
841,PISASCIENCE,BOY,MEANSCORE,A,2018,483.0,Latvia,EU
842,PISASCIENCE,GIRL,MEANSCORE,A,2015,496.0,Latvia,EU
843,PISASCIENCE,GIRL,MEANSCORE,A,2018,491.0,Latvia,EU
844,PISASCIENCE,BOY,MEANSCORE,A,2015,559.0,Singapore,AS
845,PISASCIENCE,GIRL,MEANSCORE,A,2015,552.0,Singapore,AS
846,PISASCIENCE,BOY,MEANSCORE,A,2015,421.0,Colombia,SA
847,PISASCIENCE,BOY,MEANSCORE,A,2018,420.0,Colombia,SA
848,PISASCIENCE,GIRL,MEANSCORE,A,2015,411.0,Colombia,SA
849,PISASCIENCE,GIRL,MEANSCORE,A,2018,407.0,Colombia,SA
850,PISASCIENCE,BOY,MEANSCORE,A,2015,523.0,Hong Kong,AS
851,PISASCIENCE,GIRL,MEANSCORE,A,2015,524.0,Hong Kong,AS
852,PISASCIENCE,BOY,MEANSCORE,A,2015,402.0,Peru,SA
853,PISASCIENCE,GIRL,MEANSCORE,A,2015,392.0,Peru,SA
854,PISASCIENCE,BOY,MEANSCORE,A,2015,535.0,"Taiwan, Province of China",AS
855,PISASCIENCE,GIRL,MEANSCORE,A,2015,530.0,"Taiwan, Province of China",AS
856,PISASCIENCE,BOY,MEANSCORE,A,2015,525.0,Macao,AS
857,PISASCIENCE,GIRL,MEANSCORE,A,2015,532.0,Macao,AS
858,PISASCIENCE,BOY,MEANSCORE,A,2018,420.0,Costa Rica,'NA'
859,PISASCIENCE,GIRL,MEANSCORE,A,2018,411.0,Costa Rica,'NA'
860,PISASCIENCE,BOY,MEANSCORE,A,2018,479.0,Lithuania,EU
861,PISASCIENCE,GIRL,MEANSCORE,A,2018,485.0,Lithuania,EU
